{"cameraMode":{"drawMode":0,"name":"Shaded","section":"Shading Mode"},"sceneLighting":true,"audioPlay":false,"sceneViewState":{"m_AlwaysRefresh":false,"showFog":true,"showSkybox":true,"showFlares":true,"showImageEffects":true,"showParticleSystems":true,"showVisualEffectGraphs":true,"m_FxEnabled":true},"in2DMode":false,"pivot":{"x":12.061115264892579,"y":-0.22026729583740235,"z":10.149785995483399},"rotation":{"x":0.3261638879776001,"y":0.3858155310153961,"z":-0.14801698923110963,"w":0.8502292037010193},"size":2.2271313667297365,"orthographic":false}